Nombre Dueño,Teléfono,Dirección
Roma,333,Ddd
Romeo,4443,Cara
Pero,34,Dkad
Pero,455,23
Pero,334,344
Lucas,344,Cro
Bobby,1,Cra32
Juan Perez,123456789,Calle Falsa 123
Juan Perez,123456789,Calle Falsa 123
Juan Perez,123456789,Calle Falsa 123
Juan Perez,123456789,Calle Falsa 123
Juan Perez,123456789,Calle Falsa 123
Juan Perez,123456789,Calle Falsa 123
Juan Perez,123456789,Calle Falsa 123
Juan Perez,123456789,Calle Falsa 123
Juan Perez,123456789,Calle Falsa 123
Juan Perez,123456789,Calle Falsa 123
Juan Perez,123456789,Calle Falsa 123
Juan Perez,123456789,Calle Falsa 123
Juan Perez,123456789,Calle Falsa 123
Juan Perez,123456789,Calle Falsa 123
Juan Perez,123456789,Calle Falsa 123
Juan Perez,123456789,Calle Falsa 123
Juan Perez,123456789,Calle Falsa 123
Juan Perez,123456789,Calle Falsa 123
Juan Perez,123456789,Calle Falsa 123
Juan Perez,123456789,Calle Falsa 123
Juan Perez,123456789,Calle Falsa 123
Juan Perez,123456789,Calle Falsa 123
Juan Perez,123456789,Calle Falsa 123
Juan Perez,123456789,Calle Falsa 123
Juan Perez,123456789,Calle Falsa 123
Juan Perez,123456789,Calle Falsa 123
Juan Perez,123456789,Calle Falsa 123
Juan Perez,123456789,Calle Falsa 123
Juan Perez,123456789,Calle Falsa 123
Juan Perez,123456789,Calle Falsa 123
Juan Perez,123456789,Calle Falsa 123
Juan Perez,123456789,Calle Falsa 123
Juan Perez,123456789,Calle Falsa 123
Juan Perez,123456789,Calle Falsa 123
Juan Perez,123456789,Calle Falsa 123
Juan Perez,123456789,Calle Falsa 123
Juan Perez,123456789,Calle Falsa 123
Juan Perez,123456789,Calle Falsa 123
Juan Perez,123456789,Calle Falsa 123
Roma,123456789,Calle Falsa 123
Roma,123456789,Calle Falsa 123
Roma,123456789,Calle Falsa 123
Roma,123456789,Calle Falsa 123
Roma,123456789,Calle Falsa 123
Roma,123456789,Calle Falsa 123
Roma,123456789,Calle Falsa 123
Roma,123456789,Calle Falsa 123
Roma,123456789,Calle Falsa 123
Juan Perez,123456789,Calle Falsa 123
Roma,123456789,Calle Falsa 123
Roma,123456789,Calle Falsa 123
Roma,123456789,Calle Falsa 123
Juan Perez,123456789,Calle Falsa 123
Juan Perez,123456789,Calle Falsa 123
Juan Perez,123456789,Calle Falsa 123
Roma,123456789,Calle Falsa 123
Roma,123456789,Calle Falsa 123
Roma,123456789,Calle Falsa 123
Juan Perez,123456789,Calle Falsa 123
Juan Perez,123456789,Calle Falsa 123
Juan Perez,123456789,Calle Falsa 123
Juan Perez,123456789,Calle Falsa 123
Roma,123456789,Calle Falsa 123
Roma,123456789,Calle Falsa 123
Roma,123456789,Calle Falsa 123
Juan Perez,123456789,Calle Falsa 123
Juan Perez,123456789,Calle Falsa 123
Juan Perez,123456789,Calle Falsa 123
Juan Perez,123456789,Calle Falsa 123
Roma,123456789,Calle Falsa 123
Roma,123456789,Calle Falsa 123
Roma,123456789,Calle Falsa 123
Juan Perez,123456789,Calle Falsa 123
Juan Perez,123456789,Calle Falsa 123
Juan Perez,123456789,Calle Falsa 123
Roma,123456789,Calle Falsa 123
Roma,123456789,Calle Falsa 123
Roma,123456789,Calle Falsa 123
Juan Perez,123456789,Calle Falsa 123
Juan Perez,123456789,Calle Falsa 123
Juan Perez,123456789,Calle Falsa 123
Juan Perez,123456789,Calle Falsa 123
Roma,123456789,Calle Falsa 123
Roma,123456789,Calle Falsa 123
Roma,123456789,Calle Falsa 123
Juan Perez,123456789,Calle Falsa 123
Juan Perez,123456789,Calle Falsa 123
Juan Perez,123456789,Calle Falsa 123
Juan Perez,123456789,Calle Falsa 123
Roma,123456789,Calle Falsa 123
Roma,123456789,Calle Falsa 123
Roma,123456789,Calle Falsa 123
Juan Perez,123456789,Calle Falsa 123
Juan Perez,123456789,Calle Falsa 123
Juan Perez,123456789,Calle Falsa 123
Juan Perez,123456789,Calle Falsa 123
Roma,123456789,Calle Falsa 123
Roma,123456789,Calle Falsa 123
Roma,123456789,Calle Falsa 123
Juan Perez,123456789,Calle Falsa 123
Juan Perez,123456789,Calle Falsa 123
Juan Perez,123456789,Calle Falsa 123
Juan Perez,123456789,Calle Falsa 123
Roma,123456789,Calle Falsa 123
Roma,123456789,Calle Falsa 123
Roma,123456789,Calle Falsa 123
Juan Perez,123456789,Calle Falsa 123
Juan Perez,123456789,Calle Falsa 123
Juan Perez,123456789,Calle Falsa 123
Juan Perez,123456789,Calle Falsa 123
Roma,123456789,Calle Falsa 123
Roma,123456789,Calle Falsa 123
Roma,123456789,Calle Falsa 123
Juan Perez,123456789,Calle Falsa 123
Juan Perez,123456789,Calle Falsa 123
Juan Perez,123456789,Calle Falsa 123
Juan Perez,123456789,Calle Falsa 123
Roma,123456789,Calle Falsa 123
Roma,123456789,Calle Falsa 123
Roma,123456789,Calle Falsa 123
Juan Perez,123456789,Calle Falsa 123
Juan Perez,123456789,Calle Falsa 123
Juan Perez,123456789,Calle Falsa 123
Juan Perez,123456789,Calle Falsa 123
Roma,123456789,Calle Falsa 123
Roma,123456789,Calle Falsa 123
Roma,123456789,Calle Falsa 123
Juan Perez,123456789,Calle Falsa 123
Juan Perez,123456789,Calle Falsa 123
Juan Perez,123456789,Calle Falsa 123
Juan Perez,123456789,Calle Falsa 123
Roma,123456789,Calle Falsa 123
Roma,123456789,Calle Falsa 123
Roma,123456789,Calle Falsa 123
Juan Perez,123456789,Calle Falsa 123
Juan Perez,123456789,Calle Falsa 123
Juan Perez,123456789,Calle Falsa 123
Juan Perez,123456789,Calle Falsa 123
Roma,123456789,Calle Falsa 123
Roma,123456789,Calle Falsa 123
Roma,123456789,Calle Falsa 123
Juan Perez,123456789,Calle Falsa 123
Juan Perez,123456789,Calle Falsa 123
Juan Perez,123456789,Calle Falsa 123
Juan Perez,123456789,Calle Falsa 123
Roma,123456789,Calle Falsa 123
Roma,123456789,Calle Falsa 123
Roma,123456789,Calle Falsa 123
Juan Perez,123456789,Calle Falsa 123
Juan Perez,123456789,Calle Falsa 123
Juan Perez,123456789,Calle Falsa 123
Juan Perez,123456789,Calle Falsa 123
Roma,123456789,Calle Falsa 123
Roma,123456789,Calle Falsa 123
Roma,123456789,Calle Falsa 123
Juan Perez,123456789,Calle Falsa 123
Juan Perez,123456789,Calle Falsa 123
Juan Perez,123456789,Calle Falsa 123
Juan Perez,123456789,Calle Falsa 123
Roma,123456789,Calle Falsa 123
Roma,123456789,Calle Falsa 123
Roma,123456789,Calle Falsa 123
Juan Perez,123456789,Calle Falsa 123
Juan Perez,123456789,Calle Falsa 123
Juan Perez,123456789,Calle Falsa 123
Juan Perez,123456789,Calle Falsa 123
Roma,123456789,Calle Falsa 123
Roma,123456789,Calle Falsa 123
Roma,123456789,Calle Falsa 123
Juan Perez,123456789,Calle Falsa 123
Juan Perez,123456789,Calle Falsa 123
Juan Perez,123456789,Calle Falsa 123
Juan Perez,123456789,Calle Falsa 123
Roma,123456789,Calle Falsa 123
Roma,123456789,Calle Falsa 123
Roma,123456789,Calle Falsa 123
